Cycle Nr.,Time [s],Temp. [Â°C],A1,A2,A3,A4,A5,A6,A7,A8,A9,A10,A11,A12,B1,B2,B3,B4,B5,B6,B7,B8,B9,B10,B11,B12,C1,C2,C3,C4,C5,C6,C7,C8,C9,C10,C11,C12,D1,D2,D3,D4,D5,D6,D7,D8,D9,D10,D11,D12,E1,E2,E3,E4,E5,E6,E7,E8,E9,E10,E11,E12,F1,F2,F3,F4,F5,F6,F7,F8,F9,F10,F11,F12,G1,G2,G3,G4,G5,G6,G7,G8,G9,G10,G11,G12,H1,H2,H3,H4,H5,H6,H7,H8,H9,H10,H11,H12,Time
1,0.0,37.2,0.1128000021,0.11180000009999999,0.1186000034,0.12129999699999999,0.11309999970000001,0.11110000310000001,0.1177999973,0.11509999630000001,0.1080000028,0.11710000039999999,0.1090999991,0.1076000035,0.1158000007,0.11079999800000001,0.1202000007,0.11270000039999999,0.1124000028,0.1108999997,0.11509999630000001,0.1128000021,0.1089000031,0.1204999983,0.1110000014,0.1036000028,0.11020000279999999,0.117399998,0.1108999997,0.1092000008,0.1163000017,0.1070000008,0.11540000140000001,0.11550000310000001,0.1181999967,0.1133000031,0.1120000035,0.1089999974,0.1234000027,0.1092000008,0.1115999967,0.1101000011,0.11289999630000001,0.117899999,0.10790000109999999,0.11710000039999999,0.1145000011,0.1158000007,0.11519999800000001,0.1098999977,0.10869999970000001,0.1101000011,0.10869999970000001,0.1114000008,0.10620000210000001,0.1169999987,0.1158000007,0.1143999994,0.1140000001,0.1204999983,0.1177000031,0.1115000024,0.1270000041,0.1114000008,0.1247999966,0.1247000024,0.1199000031,0.1137000024,0.11519999800000001,0.1296000034,0.1231999993,0.11959999800000001,0.1143999994,0.1143999994,0.1089000031,0.1114000008,0.11500000210000001,0.11360000070000001,0.125,0.1204999983,0.115699999,0.12330000099999999,0.1291999966,0.11670000109999999,0.1066000015,0.1039000005,0.1334999949,0.11749999970000001,0.11729999630000001,0.12399999800000001,0.1351999938,0.12659999730000002,0.114699997,0.115699999,0.1084000021,0.1177000031,0.1216999963,0.1110000014,0.0
2,1136.9,37.4,0.1164000034,0.11509999630000001,0.11890000099999999,0.1208999977,0.11729999630000001,0.1143999994,0.1221000031,0.1220000014,0.1120999977,0.120099999,0.1140000001,0.113499999,0.1187999994,0.1137999967,0.12330000099999999,0.1162,0.1159999967,0.11479999869999999,0.11980000140000001,0.1168000028,0.1132000014,0.1248999983,0.1158000007,0.10859999810000001,0.1137999967,0.12160000210000001,0.11540000140000001,0.1124000028,0.1190000027,0.1108999997,0.1184,0.1203999966,0.1224000007,0.11749999970000001,0.11670000109999999,0.11959999800000001,0.12620000539999998,0.11309999970000001,0.1143999994,0.1120999977,0.1168000028,0.1203999966,0.1124000028,0.1193000004,0.1177000031,0.11940000210000001,0.11890000099999999,0.1149000004,0.1115000024,0.1137999967,0.11249999699999999,0.1138999984,0.1092000008,0.1204999983,0.11980000140000001,0.1177999973,0.11689999699999999,0.1243000031,0.1208999977,0.1162,0.13070000710000002,0.1143999994,0.127700001,0.13470000029999998,0.1240999997,0.1176000014,0.1185000017,0.13259999449999998,0.1342999935,0.1228,0.1185000017,0.11959999800000001,0.1128000021,0.1193000004,0.1184,0.11689999699999999,0.1243000031,0.1253000051,0.1182999983,0.12839999789999998,0.128700003,0.11980000140000001,0.1106999964,0.10419999810000001,0.136500001,0.1202000007,0.11890000099999999,0.1229000017,0.1386000067,0.12890000640000002,0.11540000140000001,0.121100001,0.110299997,0.12160000210000001,0.1208000034,0.112999998,0.3158055555555556
3,2273.7,37.3,0.1221000031,0.126000002,0.12420000140000001,0.1251000017,0.1247000024,0.1221999973,0.1312000006,0.1289999932,0.1207000017,0.1298999935,0.1230999976,0.121799998,0.12359999869999999,0.119099997,0.1309999973,0.1216999963,0.12189999970000001,0.1221000031,0.1272000074,0.12370000029999999,0.1207000017,0.1326999962,0.12420000140000001,0.1181000024,0.1187999994,0.1280000061,0.11940000210000001,0.1182999983,0.1251000017,0.1176000014,0.1247000024,0.1281999946,0.1299999952,0.1272000074,0.1246000007,0.1292999983,0.1316999942,0.1209999993,0.11949999630000001,0.1172000021,0.12420000140000001,0.1268000007,0.11890000099999999,0.12620000539999998,0.1247999966,0.1257999986,0.1251000017,0.12439999730000001,0.1180000007,0.1199000031,0.1177999973,0.1202000007,0.11869999769999999,0.127700001,0.1268000007,0.12399999800000001,0.1213999987,0.1296000034,0.1278000027,0.12420000140000001,0.1389999986,0.12030000240000001,0.132100001,0.1386999935,0.12890000640000002,0.1247000024,0.1256999969,0.1404999942,0.12890000640000002,0.12839999789999998,0.1247999966,0.1272999942,0.1181999967,0.11919999869999999,0.1291999966,0.1229000017,0.131099999,0.1316999942,0.12590000029999998,0.1315000057,0.1344999969,0.1251000017,0.1187999994,0.1040000021,0.14270000160000001,0.1254999936,0.1295000017,0.13500000539999998,0.1430999935,0.1372999996,0.12189999970000001,0.1257999986,0.11749999970000001,0.1275999993,0.1407999992,0.1080000028,0.6315833333333333
4,3410.5,37.3,0.1315000057,0.1404999942,0.1334999949,0.1338,0.1342000067,0.132100001,0.1468999982,0.13770000640000002,0.13189999759999999,0.1413999945,0.13529999550000002,0.136500001,0.1316000074,0.1280000061,0.139200002,0.1299999952,0.1316000074,0.1330000013,0.136800006,0.1344999969,0.1316999942,0.1440999955,0.1360000074,0.1323000044,0.1272999942,0.1333999932,0.1294,0.1273999959,0.1344999969,0.1275999993,0.134100005,0.13950000699999998,0.1406999975,0.136800006,0.1360000074,0.1432999969,0.13950000699999998,0.1299999952,0.12839999789999998,0.12620000539999998,0.1333999932,0.1366000026,0.130400002,0.13689999279999998,0.134100005,0.1351999938,0.1351000071,0.1380999982,0.1263999939,0.1296000034,0.1274999976,0.1288000047,0.1257999986,0.13529999550000002,0.1372999996,0.1338,0.1312000006,0.1380999982,0.136800006,0.135800004,0.1479000002,0.1288000047,0.14169999960000002,0.150000006,0.1370999962,0.1360999942,0.1356000006,0.1492999941,0.1500999928,0.143900007,0.1338,0.1393000036,0.1257999986,0.1307999939,0.1379999965,0.130400002,0.136500001,0.1380999982,0.1404999942,0.1387999952,0.1422999948,0.1336999983,0.1269000024,0.1039000005,0.1507000029,0.1370999962,0.1298000067,0.1586000025,0.1492999941,0.14550000429999999,0.1361999959,0.1349000037,0.1263000071,0.13740000130000002,0.177699998,0.11039999869999999,0.9473611111111112
5,4547.4,36.9,0.1450999975,0.14640000460000002,0.1466999948,0.1469999999,0.1485999972,0.1465000063,0.1583999991,0.1533000022,0.1485999972,0.1572999954,0.15369999410000001,0.1553999931,0.1438000053,0.141900003,0.15119999650000002,0.1425999999,0.1469999999,0.1497000009,0.1528999954,0.1509000063,0.1492999941,0.1627999991,0.1537999958,0.1509000063,0.1393000036,0.1465999931,0.1413999945,0.143900007,0.150000006,0.1428000033,0.150000006,0.1550000012,0.1579000056,0.1552000046,0.1536000073,0.1606000066,0.1513999999,0.1430999935,0.1405999959,0.13950000699999998,0.1476999968,0.1515000015,0.145600006,0.1528999954,0.1482000053,0.150000006,0.1507000029,0.15719999369999998,0.139200002,0.142900005,0.1409000009,0.141900003,0.1460999995,0.1479000002,0.1527999938,0.14890000220000002,0.14569999279999998,0.15369999410000001,0.1518000066,0.1529999971,0.1607999951,0.1421000063,0.1545999944,0.1603000015,0.1510999948,0.1499000043,0.15049999949999998,0.1618999988,0.1860000044,0.1518000066,0.1481000036,0.1559000015,0.1383000016,0.1381999999,0.141200006,0.1465000063,0.14830000699999998,0.1520999968,0.1720000058,0.15260000529999998,0.1571000069,0.147300005,0.14270000160000001,0.1044000015,0.1648000032,0.14800000189999998,0.14020000400000002,0.150000006,0.1622000039,0.15929999949999998,0.1481000036,0.1476999968,0.138500005,0.1553999931,0.15369999410000001,0.1089000031,1.2631666666666663
6,5684.2,37.0,0.1639000028,0.169599995,0.1661999971,0.1670999974,0.16830000280000001,0.1692000031,0.1789000034,0.17900000510000005,0.1703999937,0.18039999899999998,0.17810000480000002,0.17900000510000005,0.1615999937,0.16130000349999998,0.1670999974,0.16130000349999998,0.1657000035,0.173299998,0.1773999929,0.1747000068,0.16979999839999999,0.1861000061,0.1761000007,0.1738000065,0.1581999958,0.16850000620000002,0.1617999971,0.1659000069,0.17129999399999998,0.16449999810000002,0.17260000109999998,0.1773000062,0.1806000024,0.1741999984,0.17669999600000005,0.18520000579999998,0.1701000035,0.16680000720000002,0.15989999470000002,0.15899999439999998,0.1676000059,0.1735000014,0.168599993,0.1721999943,0.1676000059,0.1703999937,0.1709000021,0.1826000065,0.1574999988,0.1626999974,0.1625999957,0.1608999968,0.16230000560000002,0.170599997,0.1747000068,0.1682000011,0.1650999933,0.17299999300000002,0.1714999974,0.1755000055,0.172299996,0.15989999470000002,0.1711000055,0.1750999987,0.16830000280000001,0.1699000001,0.170599997,0.1836999953,0.1770000011,0.1735000014,0.1670999974,0.1787,0.1548999995,0.1528999954,0.15649999679999999,0.1650999933,0.16359999779999998,0.16969999670000002,0.1738000065,0.1699000001,0.17450000350000006,0.1680999994,0.1614000052,0.1040000021,0.184799999,0.1661999971,0.1600999981,0.15680000189999999,0.186499998,0.1741999984,0.16419999300000002,0.16789999600000002,0.15569999810000001,0.1715999991,0.1879000068,0.1093999967,1.5789444444444445
7,6821.0,37.3,0.18410000210000002,0.1900999993,0.1879999936,0.1870000064,0.19089999789999998,0.1921000034,0.2021999955,0.1970999986,0.1942999959,0.20520000160000001,0.20430000129999998,0.2062000036,0.181099996,0.18269999329999997,0.19040000440000002,0.1828999966,0.1867000014,0.195600003,0.2008000016,0.1970999986,0.1906999946,0.21160000559999997,0.2028000057,0.2038999945,0.1773000062,0.18860000370000002,0.1833000034,0.18970000739999998,0.19040000440000002,0.1855999976,0.1942999959,0.19910000260000002,0.20329999920000005,0.19619999829999998,0.20020000640000002,0.2150000036,0.1896000057,0.1915999949,0.1833000034,0.1817000061,0.1903000027,0.195600003,0.1911000013,0.19499999280000002,0.1896000057,0.19280000030000002,0.1940000057,0.2081999928,0.177699998,0.1844000071,0.1855999976,0.18129999940000002,0.18819999690000005,0.1913000047,0.196600005,0.1888000071,0.18590000269999998,0.197300002,0.1949000061,0.2008000016,0.1988999993,0.1805000007,0.1916999966,0.1924999952,0.19040000440000002,0.19259999690000001,0.19220000510000002,0.20290000739999997,0.19910000260000002,0.1999000013,0.1909999996,0.2039999962,0.17309999469999998,0.1715999991,0.1791000068,0.1798000038,0.18279999489999998,0.18919999899999998,0.1969999969,0.1988999993,0.1951999962,0.18919999899999998,0.18359999359999998,0.1040000021,0.20790000260000002,0.1807000041,0.177699998,0.1805000007,0.19750000539999998,0.1967000067,0.18999999760000005,0.18629999460000002,0.1746000051,0.193599999,0.197300002,0.1084999964,1.8947222222222224
8,7957.8,36.9,0.20849999789999998,0.2171999961,0.2144999951,0.2126999944,0.21709999440000002,0.2145999968,0.2289000005,0.2260999978,0.2190999985,0.2317000031,0.2286999971,0.22900000210000002,0.2040999979,0.20649999379999998,0.2136999965,0.2069000006,0.21619999410000001,0.2220000029,0.227699995,0.2239000052,0.2150000036,0.2386000007,0.2304999977,0.23729999359999998,0.19910000260000002,0.2125999928,0.20649999379999998,0.208100006,0.21580000219999998,0.2109999955,0.2221000046,0.22540000079999997,0.23280000690000002,0.22450000050000002,0.2248000056,0.2434999943,0.21160000559999997,0.2177000046,0.2076999992,0.2060000002,0.2172999978,0.2208999991,0.2193000019,0.22079999739999998,0.21619999410000001,0.2208999991,0.2220000029,0.236499995,0.1994999945,0.20990000670000009,0.2115000039,0.20610000190000002,0.20790000260000002,0.21989999710000002,0.2215999961,0.2135999948,0.2137999982,0.2247000039,0.22280000149999998,0.22849999370000001,0.2173999995,0.2022999972,0.2126999944,0.2150000036,0.2118999958,0.215200007,0.21619999410000001,0.2250999957,0.22100000079999998,0.2260999978,0.2166000009,0.23080000280000001,0.19339999559999999,0.1916999966,0.1981000006,0.2021999955,0.201000005,0.2143999934,0.2132000029,0.21469999850000002,0.22759999329999997,0.21760000289999998,0.2109999955,0.1039000005,0.2299000025,0.2034000009,0.1948000044,0.20069999989999998,0.2277999967,0.2173999995,0.2155999988,0.21119999890000002,0.199000001,0.2224999964,0.2240999937,0.11249999699999999,2.2105
9,9094.6,37.3,0.2298000008,0.23960000280000002,0.2373999953,0.2348999977,0.23780000210000002,0.2348999977,0.2513999939,0.24410000440000001,0.2414000034,0.2542000115,0.2536999881,0.25409999489999996,0.2261999995,0.231099993,0.2354000062,0.23229999839999999,0.235799998,0.2423000038,0.2480999976,0.24279999730000001,0.23729999359999998,0.2610999942,0.2520999908,0.252700001,0.2202000022,0.23549999300000002,0.2289000005,0.2309000045,0.2363000065,0.2326000035,0.24009999629999998,0.2450000048,0.2495999932,0.2465000004,0.24469999969999998,0.2621999979,0.23280000690000002,0.236499995,0.2270999998,0.2250999957,0.2343000025,0.2398999929,0.2365999967,0.23999999460000002,0.2338999957,0.24150000510000005,0.24289999899999998,0.2583000064,0.2195000052,0.2266000062,0.2353000045,0.2268999964,0.22740000489999998,0.240199998,0.2410999984,0.2352000028,0.2348999977,0.2431000024,0.2434999943,0.24770000579999998,0.2372000068,0.2243999988,0.23499999940000002,0.24279999730000001,0.233099997,0.2363000065,0.23729999359999998,0.24379999940000002,0.23919999600000005,0.2443999946,0.2373999953,0.24840000269999998,0.2143999934,0.2145999968,0.22130000589999999,0.22280000149999998,0.2231000066,0.2325000018,0.23280000690000002,0.23420000079999997,0.2453999966,0.235799998,0.2311999947,0.1040999964,0.2481999993,0.2259999961,0.21629999579999998,0.2208999991,0.24469999969999998,0.2380000055,0.23870000239999997,0.2289000005,0.2205999941,0.24179999530000001,0.24150000510000005,0.11590000240000001,2.526277777777778
10,10231.5,36.6,0.2556000054,0.2666999996,0.2727000117,0.26249998809999997,0.2666000128,0.2632000148,0.2786000073,0.274300009,0.2707000077,0.2863000035,0.2851999998,0.2856000066,0.2506999969,0.2561999857,0.2612000108,0.2583999932,0.26379999519999997,0.2680000067,0.2732999921,0.2700999975,0.2678000033,0.2906000018,0.279700011,0.2788999975,0.2431000024,0.2556999922,0.2518000007,0.2526000142,0.2592999935,0.2587000132,0.2653000057,0.2721999884,0.2727000117,0.2754000127,0.2750999928,0.29139998559999997,0.2540000081,0.2552999854,0.2517000139,0.2486999929,0.2592999935,0.264200002,0.2682999969,0.263500005,0.2623000145,0.2687000036,0.2723999918,0.2870999873,0.2468000054,0.2474000007,0.258100003,0.24969999489999997,0.2492000014,0.2619000077,0.266900003,0.2605000138,0.2617999911,0.2752999961,0.2759999931,0.2754000127,0.25450000170000003,0.2469999939,0.25609999899999997,0.2648999989,0.2576999962,0.2590000033,0.2599999905,0.2653000057,0.2633999884,0.27340000870000003,0.2718999982,0.2752999961,0.2363000065,0.2344000041,0.24609999359999998,0.2465000004,0.24519999329999997,0.25819998980000003,0.2590999901,0.26140001420000003,0.2718000114,0.2649999857,0.258100003,0.10379999880000004,0.2716999948,0.2495000064,0.23790000379999998,0.25459998850000004,0.2707999945,0.2644999921,0.2608999908,0.2552999854,0.24840000269999998,0.2736999989,0.27579998969999997,0.110299997,2.842083333333333
11,11368.3,37.3,0.2852999866,0.2939999998,0.3005000055,0.2946999967,0.3005999923,0.2987999916,0.31009998920000004,0.2969999909,0.30509999390000003,0.3197999895,0.3195999861,0.3172999918,0.2816999853,0.28619998690000004,0.292899996,0.29100000859999997,0.2987999916,0.2991000116,0.2989000082,0.30239999289999997,0.3073000014,0.3271000087,0.3174000084,0.30700001120000003,0.2720000148,0.2872000039,0.2820000052,0.2815000117,0.2870000005,0.2892999947,0.2917999923,0.3032000065,0.3073000014,0.30930000539999997,0.32030001280000003,0.3122999966,0.2816999853,0.277399987,0.2772000134,0.27709999679999997,0.28970000149999997,0.2883999944,0.2924999893,0.2894000113,0.296299994,0.3016000092,0.3073000014,0.3115000129,0.2660000026,0.2782000005,0.2845000029,0.2775000036,0.2790000141,0.29309999940000003,0.2967000008,0.2903999984,0.2978000045,0.3059000075,0.31330001350000003,0.3091000021,0.279700011,0.2730999887,0.28270000219999997,0.288199991,0.2863999903,0.2869000137,0.2992999852,0.29539999370000003,0.2996000051,0.3093999922,0.30509999390000003,0.31169998649999997,0.2606000006,0.2597000003,0.2694999874,0.27379998559999996,0.27480000260000004,0.28769999739999996,0.2949000001,0.2960999906,0.3041000068,0.298999995,0.288500011,0.10379999880000004,0.29460000989999996,0.2777999938,0.266900003,0.274300009,0.3018000126,0.2953000069,0.29510000350000004,0.29370000960000003,0.2818999887,0.31330001350000003,0.3082000017,0.11079999800000001,3.157861111111111
12,12505.1,37.2,0.32199999690000003,0.33950001,0.3416999876,0.3343000114,0.34119999409999996,0.3386000097,0.3488999903,0.3237000108,0.3443000019,0.3565999866,0.3578999937,0.3517999947,0.3186999857,0.32170000670000004,0.3323999941,0.3307999969,0.3397000134000001,0.337199986,0.3237999976,0.34079998729999994,0.3497000039,0.36989998820000003,0.3632999957,0.333799988,0.307099998,0.3253999949,0.3142000139,0.31340000030000004,0.3188000023,0.32629999519999997,0.3190999925,0.3361999989,0.3488999903,0.350300014,0.3569999933,0.34240001439999995,0.3145999908,0.3014000058,0.3059999943,0.3037,0.329400003,0.3106999993,0.3323999941,0.3240999877,0.3346000016,0.3398000002,0.3476999998,0.3404000103,0.2985000014,0.31020000579999996,0.3104999959,0.3054000139,0.3088000119,0.3287999928,0.3265999854,0.3246000111,0.3364000022,0.3454999924,0.3531999886,0.3515000045,0.30809998510000003,0.3028999865,0.31479999420000004,0.31659999489999996,0.3204999864,0.3217999935,0.3267999887,0.3282999992,0.3301999867,0.34959998729999997,0.3476999998,0.3540999889,0.29100000859999997,0.2872999907,0.3014000058,0.3041999936,0.3109999895,0.32400000100000004,0.3316999972,0.3330000043,0.3391000032,0.3373000026,0.3257000148,0.1045999974,0.3345000148,0.31299999359999997,0.2991000116,0.30640000100000003,0.3323999941,0.331400007,0.33360001440000003,0.3301999867,0.3230000138,0.3517999947,0.3556999862,0.10809999699999999,3.473638888888889
13,13641.9,37.1,0.3601000011,0.37619999049999997,0.38240000609999997,0.3759999871,0.3853000104,0.3819000125,0.3889999986,0.3553000093,0.3874000013,0.3934000134,0.3989000022,0.3871000111,0.35670000310000005,0.3582000136,0.37180000539999997,0.3709999919,0.3833999932,0.377700001,0.35049998759999995,0.3819999993,0.3930000067,0.41460001469999996,0.4095000029,0.3646000028,0.3445000052,0.3652999997,0.34920001030000003,0.3468999863,0.3499000072,0.3637999892,0.34959998729999997,0.3716999888000001,0.38969999549999995,0.3898999989,0.4007000029,0.3718999922,0.34799999,0.3271000087,0.34119999409999996,0.32820001239999996,0.36989998820000003,0.33360001440000003,0.3693000078,0.36160001159999994,0.37470000979999996,0.3781000078,0.3896000087,0.3734000027,0.3280999959,0.3474000096,0.3400999904,0.33360001440000003,0.3492999971,0.364199996,0.35220000149999997,0.3623000085,0.385800004,0.38499999049999994,0.3962000012,0.3943000138,0.3420999944,0.337199986,0.3497000039,0.3569999933,0.3582000136,0.36079999799999996,0.36340001229999996,0.3664000034000001,0.3680000007,0.39520001409999994,0.3917999864,0.3977000117,0.3244999945,0.32260000710000003,0.3357000053,0.33829998969999997,0.33939999340000004,0.35620000960000003,0.3736999929,0.3759999871,0.3792000115,0.37590000030000004,0.3670000136,0.10540000349999999,0.37830001119999995,0.34779998659999994,0.3364000022,0.34250000119999996,0.3756999969,0.3698000014,0.3790999949,0.37000000479999995,0.3607000113,0.3946999907,0.3887000084,0.1124000028,3.7894166666666655
14,14778.7,37.3,0.40329998729999994,0.42030000689999997,0.42809998990000003,0.4192000031000001,0.42190000409999995,0.41670000549999997,0.42140001060000004,0.3806000054,0.4210000038,0.421299994,0.4295000136,0.4138000011,0.39779999850000003,0.39660000799999995,0.4140000045,0.4156999886,0.4212000072,0.413199991,0.3731000125,0.4187999964,0.42689999939999995,0.45039999490000004,0.4435000122,0.3903000057,0.3833000064,0.4090000093,0.39219999310000003,0.3810000122,0.3779999912,0.4009999931,0.37439998979999994,0.40059998630000004,0.4235000014,0.41449999810000004,0.43290001149999996,0.39809998869999996,0.3856999874,0.3531999886,0.3820999861,0.3551000059,0.4111000001,0.3594999909,0.4009000063,0.3975999951,0.40610000490000003,0.4022000134000001,0.4210000038,0.3982000053,0.36300000549999994,0.3871999979,0.3702000082,0.3641000092,0.3847000003,0.39800000189999996,0.3783999979,0.4011000097,0.4135999978,0.4183000028,0.4311999977000001,0.4318000078,0.3779000044,0.3702000082,0.3892999887,0.3950999975,0.3998000026,0.3986999989,0.4018000066,0.4013000131,0.3934000134,0.42590001229999996,0.4203999937,0.4341999888000001,0.358099997,0.35859999060000003,0.3716999888000001,0.37860000130000004,0.3745999932,0.3907000124,0.41100001340000003,0.413199991,0.4140999913,0.4099000096,0.3890999854,0.1053000018,0.4313000143,0.3873000145,0.37389999630000004,0.3806000054,0.412800014,0.4065000117,0.4153999984,0.4093999863,0.3919999897,0.43029999729999996,0.42689999939999995,0.1101000011,4.105194444444445
15,15915.5,37.1,0.43729999659999996,0.457100004,0.4866999984000001,0.45350000259999995,0.4496000111,0.4444000125,0.45219999549999995,0.40059998630000004,0.4481000006000001,0.4478000104,0.4575999975,0.4401000142,0.4309999943,0.4264999926,0.4501999915,0.4530000091,0.45350000259999995,0.4426999986,0.39140000939999997,0.4512000084,0.45469999310000003,0.4799999893,0.47330001,0.4122999907,0.4176999927,0.4465000033,0.43140000100000003,0.4113999903,0.39789998530000004,0.4318000078,0.39520001409999994,0.4237999916,0.4528999925,0.4304000139,0.46750000119999996,0.4176999927,0.4174999893,0.37990000840000004,0.4230000079,0.38109999899999997,0.4431000054,0.3750999868,0.4365000129,0.4176999927,0.43399998549999996,0.41870000960000003,0.44380000229999994,0.4196000099,0.399300009,0.4250000119,0.39809998869999996,0.39219999310000003,0.41040000320000003,0.4253000021,0.397300005,0.4345999956,0.4460000098,0.43950000409999995,0.46059998869999996,0.4627999961,0.4126999974,0.4072000086,0.42829999329999996,0.4322000146,0.4163999856,0.4239000082,0.4262999892,0.4165000021,0.4093999863,0.4575000107,0.4501000047,0.4650999904,0.39449998740000003,0.3930000067,0.404700011,0.41190001369999996,0.39520001409999994,0.4156000018,0.44080001119999995,0.4431000054,0.44260001179999997,0.43840000030000004,0.4081999958,0.1048000008,0.4521000087,0.4309000075,0.4075999856000001,0.4212000072,0.4462000132,0.4356999993,0.44560000299999997,0.4417000115,0.4196999967,0.45950001479999997,0.4562000036,0.11249999699999999,4.420972222222222
16,17052.4,37.0,0.4683000147,0.4846000075,0.49630001189999995,0.48410001399999997,0.47969999909999994,0.4724000096,0.4781999886,0.4194000065,0.4760999978,0.4717999995,0.4866999984000001,0.465200007,0.46189999579999996,0.4440999925,0.4805999994,0.4855000079,0.4851999879,0.4650999904,0.4059999883,0.4819999933,0.4851999879,0.5123000145000001,0.5052999854,0.4289000034000001,0.4481000006000001,0.4794999957,0.46419999,0.4381000102000001,0.4149000049,0.46160000560000003,0.4135999978,0.44690001009999997,0.47799998520000003,0.4424999952000001,0.4984999895,0.4347000122,0.43509998920000004,0.3950999975,0.45489999649999996,0.3989000022,0.47440001369999996,0.3876999915,0.4654000103,0.432099998,0.4559000134,0.43029999729999996,0.46439999340000004,0.44260001179999997,0.4221999943,0.44639998670000003,0.4226000011,0.415199995,0.42840000990000004,0.46050000189999996,0.4187999964,0.46529999380000003,0.4717000127000001,0.459800005,0.48980000619999997,0.49500000479999995,0.43799999359999997,0.4336000085,0.4507000148,0.4519999921,0.4304000139,0.4401000142,0.44659999009999996,0.4309000075,0.4196000099,0.48260000350000004,0.4774999917,0.497299999,0.4203999937,0.4171000123,0.4174999893,0.42699998619999996,0.41080001,0.42969998719999997,0.470299989,0.4720999897,0.4700999856000001,0.46309998630000004,0.4208999872,0.10419999810000001,0.4778999984,0.4580000043,0.4395999908,0.4523000121,0.46889999509999997,0.4636000097,0.47969999909999994,0.4717000127000001,0.44420000909999996,0.48840001229999996,0.4860000014,0.10809999699999999,4.736777777777778
17,18189.2,37.0,0.5004000068,0.5141000152,0.52700001,0.5124999881,0.5099999905,0.4993000031,0.5105999708,0.44080001119999995,0.5013999939,0.4966000021,0.5170999765,0.4930999875,0.4900999963,0.4620000124000001,0.5088999867,0.5152999759,0.5128999949,0.4819999933,0.42109999060000003,0.5164999962,0.5135999918,0.5411999822,0.5357000232,0.4449999928,0.4778999984,0.5117999911,0.49880000950000003,0.467900008,0.43250000479999995,0.49390000100000003,0.4311999977000001,0.4708000124,0.4990000129,0.4512999952,0.518599987,0.45910000799999995,0.44560000299999997,0.41549998520000003,0.4900000095000001,0.412800014,0.5041000247,0.40059998630000004,0.4878000021,0.4429999888,0.47560000420000004,0.4401000142,0.483799994,0.4715999961,0.4431999922,0.4636000097,0.4519999921,0.43239998820000003,0.43689998979999994,0.4878000021,0.4375999868,0.4984999895,0.4925000072,0.4765999913,0.516200006,0.5217999816,0.4539999962,0.4505000114,0.4659000039,0.4654000103,0.4451000094,0.4512000084,0.4575999975,0.4401000142,0.4291000068,0.5160999894,0.5020999908,0.5245000124,0.4381999969,0.4323000014,0.432099998,0.4395999908,0.4250000119,0.4374000132,0.49759998920000004,0.5002999902,0.4961000085,0.4867999852,0.4343999922,0.1045999974,0.5228000282999999,0.48939999939999995,0.46329998969999997,0.47920000549999997,0.4952000082,0.48939999939999995,0.5078999996,0.5016000271,0.4684999883,0.5156000257,0.5052000284,0.1125999987,5.052555555555556
18,19326.0,37.1,0.5267000197999999,0.5404000282,0.5518000126,0.5375999807999999,0.5310999751,0.5213000178,0.5389000177000001,0.4589000046,0.5210000277,0.5231000185,0.5443999767000001,0.5236999989,0.5178999901,0.4751000106,0.5372999907,0.5450999737,0.5393999815,0.4943000078,0.4334000051,0.5429000258,0.5350999832,0.5663999915,0.5580999851,0.4620000124000001,0.5031999946,0.5417000055,0.5281000136999999,0.5012999773,0.4444999993,0.5220999718,0.4458000064,0.4914000034000001,0.5180000067,0.459800005,0.5410000086,0.4826999903,0.45770001409999994,0.4361000061,0.5217000246,0.4253999889,0.5328000188,0.41190001369999996,0.5094000101,0.4517999887,0.49329999090000004,0.4485000074,0.5001999736,0.49950000640000003,0.44909998770000004,0.47799998520000003,0.4837000072,0.4478999972,0.44800001380000004,0.5157999992,0.4496000111,0.5328999758,0.5195000171999999,0.48949998619999996,0.5422999859000001,0.5472000241,0.46650001409999997,0.4648000002,0.4774999917,0.4767999947,0.45500001310000004,0.46160000560000003,0.4690000117,0.448300004,0.43950000409999995,0.5406000018,0.5264000297,0.5487999915999999,0.4507000148,0.4444999993,0.44530001280000003,0.4505999982,0.4320000112,0.4478999972,0.5228000282999999,0.5252000093,0.5212000012,0.5119000077,0.44339999560000004,0.10419999810000001,0.5404999852000001,0.5145000219,0.4855999947,0.5088999867,0.5164999962,0.5127000213,0.5329999924000001,0.5306000113,0.4900999963,0.5415999889,0.5343999863000001,0.1112999991,5.368333333333333
19,20462.8,37.1,0.5415999889,0.5584999919,0.5673000215999999,0.5550000072,0.5485000014,0.5363000035000001,0.5557000041,0.4718999863,0.5370000005,0.5428000092999999,0.5622000098,0.5410000086,0.5351999998,0.48660001159999994,0.5562000275,0.5637999773,0.557099998,0.5038999915,0.4444000125,0.5608000159000001,0.5546000004,0.5827000140999999,0.5748000145000001,0.4806999862,0.524699986,0.5605000257,0.5533999801,0.5295000075999999,0.4541000128,0.540899992,0.4596000016,0.5175999999,0.5364000201,0.46729999780000003,0.5609999895000001,0.5073000193,0.46419999,0.4508999884000001,0.5494999886,0.43869999049999997,0.551699996,0.4221000075,0.522300005,0.45910000799999995,0.5124999881,0.4571999907,0.5156999825999999,0.5273000002,0.4559000134,0.4902000129,0.5135999918,0.46579998729999994,0.4566000104,0.5388000011,0.4586000144,0.5557000041,0.5363000035000001,0.503099978,0.5608000159000001,0.5665000081,0.47549998759999995,0.472600013,0.4862000048,0.4857000113,0.4596000016,0.46729999780000003,0.4785999954,0.4553999901,0.44909998770000004,0.554799974,0.5476999879,0.5680999756,0.4609000087,0.4551999867,0.4551999867,0.4593999982,0.4347000122,0.4609000087,0.5450999737,0.5468000174000001,0.5428000092999999,0.5311999917,0.4528000057,0.1042999998,0.5903000236,0.5346000195,0.5106999874,0.5415999889,0.543900013,0.5332000256,0.5555999875,0.5522999763,0.5070999861,0.5638999939,0.5483000278,0.1089000031,5.684111111111112
20,21599.7,37.2,0.5591999888,0.5748999714999999,0.5816000104,0.5710999966,0.5656999946,0.5518000126,0.5730999708,0.4810000062,0.5529999733,0.5615000129,0.5824999809,0.5618000031,0.5519000292,0.4966999888000001,0.5717999935,0.5813000202,0.5760999918,0.5120000243,0.4555000067,0.5849000216,0.5713999867,0.6032999754,0.5940999985000001,0.5059999824,0.5404000282,0.5766000152,0.5687999725,0.5475999713,0.45950001479999997,0.5593000054,0.4720999897,0.5393000245,0.5504999757,0.4751000106,0.5809999704,0.5310000181,0.4706999958,0.46050000189999996,0.5659999847,0.4519999921,0.568599999,0.43009999390000003,0.5443999767000001,0.464899987,0.5253000259,0.4627000093,0.5325999856,0.5485000014,0.4609000087,0.4995999932,0.5386999846,0.4790999889,0.4620999992,0.5526999831,0.4659000039,0.5734999775999999,0.5541999935999999,0.5189999938000001,0.578700006,0.5828999877000001,0.4824000001,0.4801999927,0.49410000439999996,0.4930999875,0.469599992,0.47720000149999997,0.4882999957,0.4607999921,0.4548000097,0.5748000145000001,0.5647000074,0.5853000282999999,0.4677999914,0.4611999989,0.462199986,0.46579998729999994,0.4419000149,0.4663999975,0.5619000196,0.5626999736,0.5605000257,0.5511000156,0.46160000560000003,0.1045999974,0.5874999761999999,0.5557000041,0.5307000279,0.5533000231,0.5623000264,0.5514000058,0.5695000291,0.5715000033,0.522300005,0.5839999914,0.570900023,0.1116999984,5.9999166666666675
21,22736.5,37.2,0.5728999972,0.5935999751,0.5963000059,0.5886999964999999,0.5773000121,0.5636000037,0.5878000259,0.4878000021,0.5636000037,0.5789999962,0.5950000286,0.5795999765,0.5676000118,0.5048999786,0.5892999768,0.5997999907,0.5903999805,0.5189999938000001,0.464899987,0.5906000136999999,0.5834000111,0.6151000261,0.6067000031,0.5277000070000001,0.5558000207,0.5935999751,0.5856999755,0.5619000196,0.465200007,0.5726000071,0.48359999060000003,0.5590000153,0.5625,0.4806999862,0.5965999961,0.5472000241,0.47710001469999996,0.4668000042,0.5838999748,0.4620000124000001,0.5835000277,0.43639999630000004,0.5558000207,0.4711000025,0.5392000079,0.4693000019,0.5464000106,0.5662000179,0.4670000076,0.508400023,0.5552999973,0.489199996,0.4670000076,0.570200026,0.47220000619999997,0.5913000107,0.5710999966,0.5322999954,0.5922999978,0.5964999795,0.48719999189999996,0.4853000045000001,0.49950000640000003,0.4986000061,0.4718999863,0.48050001259999997,0.4959999919,0.4663000107,0.4623000026,0.58950001,0.5792000293999999,0.5983999968,0.4718999863,0.4670999944,0.467900008,0.4738000035,0.4478000104,0.47330001,0.5770000219,0.5752000213,0.5751000047,0.5659999847,0.4690000117,0.10419999810000001,0.618900001,0.5716999769,0.5480999947,0.5701000093999999,0.5770000219,0.5649999976,0.587100029,0.5867999792,0.5345000029,0.5928999782,0.5806000232999999,0.112999998,6.3156944444444445
22,23873.3,37.2,0.5834000111,0.6021000147,0.605700016,0.6000000238000001,0.5868999958,0.5742999911,0.5975999832,0.4938000143,0.5727000237,0.5909000039,0.6044999957,0.5911999941,0.5770999789,0.5130000114,0.6021999717000001,0.6115999818,0.5988000035000001,0.532400012,0.4711000025,0.6011999846,0.5938000083,0.6244999766,0.6154999733,0.5430999994,0.5701000093999999,0.6060000061999999,0.6007000208,0.5777000189,0.46990001200000003,0.5835000277,0.4947000146,0.5716000199,0.5722000003000001,0.4864000082,0.6024000049,0.5612999797,0.48120000960000003,0.47279998659999994,0.5974000096000001,0.470299989,0.5928999782,0.44380000229999994,0.5705000162,0.4774000049,0.548699975,0.4740999937,0.5580999851,0.5827999711,0.4720000029,0.5173000097,0.5746999979,0.4984999895,0.4751999974,0.5825999975,0.4778999984,0.6201000214,0.5784999728,0.5447999835,0.6049000025,0.6065999865999999,0.4936000109000001,0.4912999868,0.5055000186,0.5062000154999999,0.4781999886,0.486499995,0.5036000013,0.4711999893,0.46869999170000004,0.5992000103,0.591899991,0.6082000136,0.4783999920000001,0.472299993,0.4720000029,0.47850000859999997,0.4519000053,0.47690001130000004,0.5863000154,0.5853000282999999,0.5863000154,0.5764999986,0.4751000106,0.1042999998,0.6151999831,0.5902000070000001,0.5622000098,0.5845999718,0.5909000039,0.5752999783,0.5957999825,0.600399971,0.5428000092999999,0.6061000228,0.5906000136999999,0.1137999967,6.631472222222222
23,25010.1,37.1,0.5936999917,0.6122999787,0.6143000126,0.6089000106,0.6014999746999999,0.581700027,0.6097000241,0.5008000135,0.5781999825999999,0.6042000055,0.6158999801,0.6007999778,0.5881000161,0.5217999816,0.6166999935999999,0.6233000159000001,0.6122000217,0.5424000025,0.4776000082,0.6151999831,0.611199975,0.6333000064000001,0.6295999885,0.5562999845000001,0.5807999969,0.6158999801,0.6101999879,0.5892000197999999,0.4742999971,0.5985000134,0.5055999756,0.5845999718,0.5821999907000001,0.4916999936,0.6151999831,0.5746999979,0.4860999882,0.47710001469999996,0.6068999767000001,0.47969999909999994,0.6043000221,0.451000005,0.5776000023,0.4806999862,0.5583999753,0.4799999893,0.5684000254,0.5957999825,0.4763999879,0.5253000259,0.5885999799,0.5059000254,0.477699995,0.5942999721,0.4830000103,0.628000021,0.5882999897,0.5526999831,0.6154000163000001,0.619599998,0.49639999869999996,0.4981999993,0.5085999966,0.5083000064000001,0.4817999899,0.4936999977000001,0.5109999775999999,0.4747999907,0.474999994,0.6126999854999999,0.5992000103,0.6212000250999999,0.4830000103,0.47850000859999997,0.4787999988,0.48260000350000004,0.457100004,0.4823000133,0.6053000092999999,0.5982999802000001,0.5995000005,0.5863999724,0.4819999933,0.10419999810000001,0.6481000185,0.5968000293,0.575699985,0.5967000127000001,0.601000011,0.5835000277,0.6209999919,0.6231999993,0.5497000217,0.6223000288,0.6011999846,0.1093999967,6.94725
24,26146.9,36.9,0.6140999793999999,0.6227999926,0.6233999729,0.6202999949,0.617200017,0.5906000136999999,0.627300024,0.5095000267,0.5857999921,0.6204000115,0.6331999897999999,0.6129999757,0.6097999811,0.5335999727,0.6287999749000001,0.6370000243,0.6309000254,0.5498999953,0.4817999899,0.6344000101,0.6251000165999999,0.648999989,0.6482999921,0.5692999959,0.5893999934,0.6238999963,0.6177999973,0.5978000164,0.4794999957,0.6187000275,0.5189999938000001,0.5939999819,0.5892000197999999,0.4959999919,0.6294999719,0.5835000277,0.4914000034000001,0.48149999979999997,0.6233999729,0.4882999957,0.6161999702000001,0.45770001409999994,0.5906999707,0.48489999770000003,0.5674999952,0.4855999947,0.5764999986,0.6054999828000001,0.4805999994,0.5350999832,0.5996999741,0.5123999714999999,0.48050001259999997,0.6000999807999999,0.4878999889,0.6312000154999999,0.5988000035000001,0.5608999729,0.6439999938000001,0.636500001,0.5012000203,0.5015000104999999,0.5141000152,0.5148000121,0.48660001159999994,0.49630001189999995,0.5264000297,0.4785999954,0.4781000018,0.6301000118,0.6169000268,0.6392999886999999,0.48710000509999996,0.4819000065,0.48280000689999997,0.48809999229999995,0.4611000121,0.489199996,0.6211000085,0.6151999831,0.6151999831,0.6001999974000001,0.4889000058,0.1044000015,0.6546000242,0.6125000119,0.5802000165,0.6107000113000001,0.6187000275,0.6029000282,0.6283000112,0.6301000118,0.5643000007,0.6385999918,0.6233999729,0.1182999983,7.263027777777778
25,27283.8,37.2,0.6169000268,0.6420999765,0.6438000202,0.6394000053,0.6193000078,0.6054000258,0.6377999783,0.5152999759,0.5992000103,0.6287999749000001,0.6391999722,0.6284000278,0.6186000109,0.5496000051,0.6419000029999999,0.6582000256,0.638199985,0.5548999906000001,0.4855000079,0.6384000182,0.6269000173,0.6617000103,0.6531999707,0.5780000090999999,0.6079999804,0.6406000257,0.6320000291,0.6049000025,0.4833000004,0.6230000257,0.5266000032,0.608799994,0.5935999751,0.4999000132,0.6414999962,0.5903000236,0.49500000479999995,0.48440000409999995,0.644200027,0.4957000017,0.633400023,0.46290001270000003,0.5981000066,0.48809999229999995,0.5727999806,0.4887999892,0.5831000209,0.6171000004,0.483799994,0.5534999967,0.6075000167,0.5196999907000001,0.4842999876,0.6074000001,0.49079999329999996,0.632799983,0.6144000292,0.5656999946,0.6401000023,0.641200006,0.5040000081,0.5041000247,0.5174999833,0.5178999901,0.49279999729999996,0.49909999969999996,0.5346000195,0.4808999896,0.4817999899,0.635800004,0.6231999993,0.6428999901,0.4893000126,0.4875000119,0.4918000102,0.4921000004,0.4638999999,0.4923000038000001,0.6256999969,0.6187999845000001,0.6208999753,0.6129000187,0.49639999869999996,0.10419999810000001,0.6710000038,0.6284999847,0.5940999985000001,0.6308000088,0.6236000061,0.6114000082,0.6287999749000001,0.628099978,0.5719000101,0.6452000140999999,0.6262999773,0.1093000025,7.578833333333333
26,28420.6,37.2,0.6161000133,0.646600008,0.6491000056,0.6467000246,0.6197000146,0.6078000069,0.6363000274,0.5205000043,0.6021999717000001,0.6297000051,0.6395000219,0.6331999897999999,0.6186000109,0.5588999987,0.6582999825,0.6632000208,0.6384000182,0.5583999753,0.4896000028,0.6387000084000001,0.6272000074,0.6649000049,0.6541000009000001,0.586499989,0.6241999865,0.6585000157,0.6546000242,0.621900022,0.4869999886,0.6237999797,0.5347999929999999,0.6284000278,0.5989999771,0.5052000284,0.6431999803,0.5992000103,0.49979999659999996,0.489199996,0.6492999792,0.5048000215999999,0.6396999955,0.4690999985,0.6068000197,0.4930000007,0.5780000090999999,0.4943999946,0.5904999971,0.6344000101,0.48859998579999997,0.5663999915,0.6258999705,0.5307000279,0.4929000139,0.6198999882,0.49540001149999996,0.628099978,0.6202999949,0.5713000297999999,0.6395999789,0.641200006,0.5090000033,0.5099999905,0.5220000147999999,0.5245000124,0.4957999885,0.5056999922,0.5407999754,0.4855000079,0.48719999189999996,0.6399999857,0.628099978,0.6434000134000001,0.49500000479999995,0.4916999936,0.4947000146,0.4968999922,0.4681999981,0.5008000135,0.6247000098,0.6179000139,0.6212999821,0.6151000261,0.4986999929,0.1040999964,0.6582000256,0.6378999949,0.6083999872,0.6377999783,0.6230000257,0.6103000045,0.6283000112,0.625,0.5710999966,0.6374999881,0.6277999878,0.1101000011,7.894611111111112
27,29557.4,37.3,0.6126999854999999,0.6511999964999999,0.646600008,0.6445999742,0.6168000102000001,0.6047999859000001,0.633400023,0.5252000093,0.6000999807999999,0.6276999712,0.6367999911,0.6322000027,0.6164000034,0.5626000165999999,0.654399991,0.6622999907,0.6366000175,0.5600000024,0.4923000038000001,0.6362000108,0.6256999969,0.6649000049,0.6531000136999999,0.5953000188,0.6252999902,0.6593000293,0.6585000157,0.6410999894,0.49090000990000004,0.6215999722,0.5415999889,0.6333000064000001,0.6024000049,0.5090000033,0.6421999931,0.6122000217,0.5036000013,0.49270001049999995,0.6481000185,0.5137000084000001,0.6391999722,0.4740000069,0.6125000119,0.4986000061,0.5824000239,0.4981999993,0.5957999825,0.6413999796000001,0.4923000038000001,0.5687999725,0.6428999901,0.5444999933,0.4925000072,0.6345999836999999,0.4982999861,0.6258000135,0.6176999807,0.574000001,0.638800025,0.6394000053,0.5112000108,0.5120000243,0.524699986,0.5252000093,0.49979999659999996,0.5087000132,0.5429999828000001,0.4875999987,0.4921000004,0.6396999955,0.6241999865,0.6420000196,0.4981999993,0.49639999869999996,0.49770000579999996,0.49970000979999996,0.4726999998,0.5019999743,0.6231999993,0.6169999838,0.6204000115,0.6151000261,0.5037999749000001,0.1045000032,0.6595000029,0.6363000274,0.6128000021,0.6403999925,0.6255000234,0.6090000272,0.6291999817,0.6215000153,0.568599999,0.6409000158,0.6284999847,0.10949999839999999,8.21038888888889
28,30694.2,37.2,0.611100018,0.6421999931,0.6448000073,0.6427999735000001,0.6155999899,0.6025000215,0.6317999959,0.5248000025999999,0.5971000195,0.6255000234,0.6351000071,0.6305999756,0.6143000126,0.564899981,0.6529999971,0.6601999998,0.6352999806,0.5626000165999999,0.49549999829999997,0.6406999825999999,0.6247000098,0.6624000072,0.6517000197999999,0.6082000136,0.6233999729,0.6583999990999999,0.6582999825,0.6448000073,0.4947000146,0.6213999987,0.549399972,0.633400023,0.6123999953,0.513100028,0.6417000293999999,0.6213999987,0.5080000162,0.4966999888000001,0.6460999846,0.5309000014999999,0.6392999886999999,0.47920000549999997,0.6208999753,0.5002999902,0.5892000197999999,0.5012999773,0.600300014,0.6438000202,0.4961000085,0.5727999806,0.6460999846,0.5504000187,0.497299999,0.6406000257,0.5026000142,0.6238999963,0.6176000237,0.5806999803,0.6378999949,0.638899982,0.5164999962,0.5173000097,0.5296999812,0.5307999849,0.5048999786,0.5130000114,0.5457999706000001,0.49079999329999996,0.49630001189999995,0.6376000047,0.6220999956000001,0.6405000090999999,0.502300024,0.49979999659999996,0.5024999976,0.5038999915,0.47450000049999996,0.5066000223,0.6205000281,0.6144999862,0.6197000146,0.6125000119,0.5109000206000001,0.10419999810000001,0.6549000144,0.6331999897999999,0.6161999702000001,0.6371999979,0.6208000183,0.6051999927,0.6255000234,0.6186000109,0.5651000142,0.6401000023,0.6234999895000001,0.1128000021,8.526166666666667
29,31831.1,37.2,0.6075000167,0.6406000257,0.6439999938000001,0.6403999925,0.6136000156,0.5997999907,0.6312000154999999,0.5267000197999999,0.5938000083,0.6234999895000001,0.6326000093999999,0.6291000247,0.6115999818,0.5669999719,0.6511999964999999,0.6582999825,0.6330000162,0.5634999871,0.4986999929,0.6330999732,0.6233999729,0.6610999703,0.6506999731,0.614199996,0.6215000153,0.6560999751,0.6565999985000001,0.6428999901,0.4973999858,0.6187999845000001,0.5548999906000001,0.6320000291,0.6241999865,0.5167999864,0.6414999962,0.6218000054,0.5145999789,0.49880000950000003,0.6425999999,0.5375999807999999,0.6373999714999999,0.4824000001,0.6326000093999999,0.5036000013,0.601000011,0.5055999756,0.6040999889,0.6441000104,0.5004000068,0.5748999714999999,0.6438000202,0.5548999906000001,0.5006999969,0.6373000145000001,0.5056999922,0.6215999722,0.6168000102000001,0.5820000171999999,0.6384000182,0.6363000274,0.5194000006,0.5182999969,0.5318999887,0.5336999893,0.506099999,0.5156999825999999,0.5478000045,0.4930000007,0.4979999959000001,0.6420000196,0.6220999956000001,0.6395999789,0.5067999959,0.5037000179,0.5103999972,0.5074999928,0.4792999923,0.5112000108,0.6190000176,0.6123999953,0.6171000004,0.611100018,0.5191000104,0.1048000008,0.6503000259,0.6320999861,0.6108999848,0.6362000108,0.6205000281,0.6021999717000001,0.6248000264,0.6151000261,0.5620999932,0.6413999796000001,0.6215000153,0.1115000024,8.841972222222221
30,32967.9,37.2,0.6055999994,0.6374999881,0.6399999857,0.638199985,0.611100018,0.5972999929999999,0.6287999749000001,0.5275999903999999,0.5903000236,0.6205999851,0.6298000215999999,0.6263999939,0.6075999737,0.5694000125,0.6502000093,0.6547999978,0.6294999719,0.5637000203,0.5013999939,0.6302999854,0.6208999753,0.6585999727,0.6485999822999999,0.6136000156,0.6183999777,0.6531999707,0.6532999872999999,0.6409999728,0.5040000081,0.6164000034,0.560199976,0.6302999854,0.6291000247,0.5184999704,0.6384999752,0.6190999746,0.5253000259,0.5034000278,0.6402999759,0.543299973,0.6355000138,0.486499995,0.6470999718,0.5095000267,0.6090999842,0.507799983,0.6076999903,0.6427000165,0.5048999786,0.5769000053,0.6417000293999999,0.5576000214,0.5020999908,0.6359999775999999,0.507700026,0.618900001,0.6147000194,0.5859000086999999,0.6340000033,0.6338999867,0.5277000070000001,0.5214999914,0.5351999998,0.5363000035000001,0.5124999881,0.519299984,0.5490000248,0.49619999530000003,0.5004000068,0.6362000108,0.619599998,0.6366999745,0.5116999745,0.5106999874,0.5128999949,0.5103999972,0.4797999859000001,0.5156000257,0.6168000102000001,0.6098999977,0.6151000261,0.6085000038,0.5234000086999999,0.1045000032,0.6506999731,0.6290000081,0.6090000272,0.6326000093999999,0.6147000194,0.5989999771,0.6236000061,0.6114000082,0.5591999888,0.638199985,0.6215999722,0.1090999991,9.15775
31,34104.7,37.2,0.6019999981,0.6345999836999999,0.6389999986,0.635800004,0.6089000106,0.5932999849,0.6261000037,0.5275999903999999,0.5859000086999999,0.61650002,0.6269000173,0.6227999926,0.6054000258,0.5713000297999999,0.6464999914,0.6528000236,0.6279000043999999,0.5637000203,0.5034999847,0.6279000043999999,0.618900001,0.6560000181,0.6460000277,0.6115000248,0.6154999733,0.6513000131000001,0.6536999941,0.6396999955,0.5113999844,0.6144000292,0.564899981,0.6284999847,0.6312999725,0.5214999914,0.6370999813,0.6169000268,0.532400012,0.5070999861,0.6373000145000001,0.549399972,0.6341000199,0.4902000129,0.6521999836,0.5151000023,0.6121000051,0.5105000138,0.6154000163000001,0.6409999728,0.5156000257,0.5799999833,0.6396999955,0.5616999865,0.5052999854,0.6374999881,0.5105000138,0.6183000207,0.6154999733,0.5885000229,0.6326000093999999,0.6316000223,0.5363000035000001,0.5236999989,0.5404000282,0.5396000147,0.5099999905,0.5267999768,0.5651000142,0.4973999858,0.5062000154999999,0.6356999874,0.6183000207,0.6338999867,0.5210999846,0.5195000171999999,0.5184000134000001,0.5141999722,0.4887000024,0.5254999995,0.6152999996999999,0.6071000099,0.6136000156,0.606400013,0.5241000056,0.1044000015,0.6474999785,0.6277999878,0.6047999859000001,0.6287999749000001,0.6115999818,0.5957999825,0.6205999851,0.6090999842,0.5554999709,0.6367999911,0.6207000017000001,0.11230000109999999,9.473527777777775
32,35241.5,37.3,0.5997999907,0.6323000193,0.6345000267,0.6328999996,0.6067000031,0.5899000168,0.6233000159000001,0.5271999836,0.581700027,0.6132000089,0.6234999895000001,0.6200000048,0.6025000215,0.5720999836999999,0.643599987,0.6504999995,0.6255000234,0.5638999939,0.506099999,0.6251999736,0.616599977,0.6528999805,0.6438000202,0.608799994,0.6121000051,0.6478000282999999,0.6495000124,0.6366999745,0.5146999955,0.6126000285000001,0.5672000051,0.6272000074,0.6319000125,0.5248000025999999,0.638100028,0.6146000028,0.5343000293,0.5109999775999999,0.6349999905,0.5565000176,0.6328999996,0.4948000014,0.6532999872999999,0.5210999846,0.6140999793999999,0.5152000189,0.6269999743,0.6399999857,0.5228999853,0.5835000277,0.6377000213,0.5666999817,0.5098999739,0.6335999966,0.5141999722,0.6169999838,0.6164000034,0.5910999775,0.6323999763,0.6292999982999999,0.5407000184,0.5310999751,0.5425000191,0.5447000264999999,0.5142999886999999,0.5332999825,0.5527999996999999,0.4999000132,0.5123999714999999,0.6340000033,0.6166999935999999,0.6315000057,0.5274000168,0.5263000131000001,0.5170000196,0.5163000226,0.4930000007,0.5302000046,0.6129000187,0.6050000191,0.6104000211,0.6036999822,0.5242000222,0.1049999967,0.6449999809,0.6225000024,0.6000000238000001,0.6276000142,0.6090000272,0.5928000212,0.6201000214,0.6046000122999999,0.5514000058,0.6348000169,0.6137999892,0.1096000001,9.789305555555558
33,36378.3,37.1,0.5970000029,0.6297000051,0.6322000027,0.6308000088,0.6043999791,0.586499989,0.6209999919,0.52700001,0.5781999825999999,0.6097999811,0.6204000115,0.617200017,0.5997999907,0.5748000145000001,0.6438000202,0.6475999951,0.6223999858,0.5637000203,0.5090000033,0.6230000257,0.6144999862,0.6511999964999999,0.6448000073,0.6061999798,0.6094999909000001,0.6460999846,0.6481000185,0.6377000213,0.5163999796000001,0.6101999879,0.5694000125,0.6244999766,0.6319000125,0.5322999954,0.630400002,0.6108000278,0.5333999990999999,0.513899982,0.6316999793,0.5619999766,0.6305999756,0.49770000579999996,0.6545000075999999,0.5228999853,0.613499999,0.5230000019,0.6342999935,0.6384000182,0.5249999761999999,0.5860999822999999,0.6356999874,0.5723000169,0.5144000053,0.6328999996,0.5170000196,0.6144999862,0.611100018,0.6021000147,0.6295999885,0.6269000173,0.5418000221,0.5421000122999999,0.550999999,0.5461999774,0.5202000140999999,0.5368999839,0.5541999935999999,0.5062999725,0.5174000263,0.6333000064000001,0.613499999,0.6298000215999999,0.5299000144,0.5281000136999999,0.5252000093,0.5225999951,0.4957000017,0.5329999924000001,0.6129000187,0.6021000147,0.6075000167,0.6014999746999999,0.5245000124,0.1049999967,0.6406000257,0.6211000085,0.6000000238000001,0.6222000122,0.6067000031,0.5892999768,0.6180999875,0.6007000208,0.5490999818,0.6330000162,0.617299974,0.1108999997,10.105083333333337
34,37515.6,37.3,0.5957000256,0.6284999847,0.6305000186,0.6294000149,0.6022999883,0.5834000111,0.6202999949,0.5257999897,0.5737000108,0.6062999964,0.617299974,0.614199996,0.5976999998,0.5755000114,0.6385999918,0.6462000012,0.6201999784000001,0.5631999969,0.5109999775999999,0.6209999919,0.6119999886,0.6484000086999999,0.6389999986,0.6029000282,0.6069999933,0.6431000232999999,0.6462000012,0.6338999867,0.5157999992,0.6076999903,0.5712000132,0.6231999993,0.6319000125,0.5375999807999999,0.6315000057,0.6082999706000001,0.5320000052,0.5173000097,0.6294999719,0.5692999959,0.6288999915,0.5009999871,0.6521000266,0.5241000056,0.6129000187,0.5278999805,0.6373999714999999,0.6373000145000001,0.5248000025999999,0.5885999799,0.633400023,0.5780000090999999,0.5230000019,0.6326000093999999,0.5195000171999999,0.6129999757,0.6083999872,0.5990999937,0.6274999976,0.6245999932,0.5403000116,0.5454999804,0.5587000250999999,0.548699975,0.5264999866,0.537800014,0.5703999996,0.5120000243,0.5184999704,0.6305000186,0.6086000203999999,0.6272000074,0.5299000144,0.5281999707,0.5339000225,0.5322999954,0.49500000479999995,0.5332000256,0.6083999872,0.6008999944,0.605799973,0.5985000134,0.5242000222,0.1050999984,0.6366000175,0.6143000126,0.594900012,0.6183999777,0.6021000147,0.5860000253000001,0.6176999807,0.5970000029,0.5460000038,0.6305999756,0.6104999781,0.1089999974,10.421
35,38652.0,37.1,0.5928000212,0.6251000165999999,0.627300024,0.6276000142,0.5996000171,0.5799999833,0.6175000072,0.5253999829,0.5697000027,0.6025000215,0.614199996,0.6108000278,0.5947999954,0.5759000182,0.6360999942,0.6434999704,0.6169000268,0.5626000165999999,0.5127999783,0.6176999807,0.6094999909000001,0.6455000043,0.6367999911,0.5992000103,0.6040999889,0.6402000189,0.6434000134000001,0.6320000291,0.5145999789,0.6049000025,0.5724999905,0.6207000017000001,0.6298999786,0.5389999746999999,0.6274999976,0.6039999723,0.5304999948,0.5231000185,0.6259999871,0.574000001,0.6263999939,0.5016999840999999,0.6531000136999999,0.5228999853,0.6116999984,0.5281000136999999,0.6383000016,0.6338999867,0.5236999989,0.5896999836,0.6301000118,0.5838000178,0.524600029,0.6295999885,0.5206000209,0.6080999970000001,0.606400013,0.6062999964,0.6244999766,0.6209999919,0.5382999778,0.5483999848,0.5616000295,0.5568000078,0.5325999856,0.5361999868999999,0.5562999845000001,0.513899982,0.5177000165,0.6320999861,0.6086999774,0.6231999993,0.5281000136999999,0.5260999799,0.5400000215,0.5376999974000001,0.4930000007,0.5313000083,0.6055999994,0.5970000029,0.6025000215,0.5952000022,0.5228999853,0.1046999991,0.6367999911,0.6114000082,0.5906999707,0.6154000163000001,0.6001999974000001,0.5821999907000001,0.6136999726,0.592599988,0.5414999723,0.6272000074,0.6104000211,0.10980000349999999,10.736666666666666
36,39788.8,37.2,0.5903999805,0.6230999827,0.6263999939,0.6258999705,0.5974000096000001,0.576399982,0.6155999899,0.5242000222,0.5661000013,0.5993999839,0.6107000113000001,0.6078000069,0.5928000212,0.5769000053,0.6341999769,0.6407999992,0.614199996,0.5630999804,0.5163000226,0.6158000231,0.6074000001,0.6427999735000001,0.6342999935,0.5961999893,0.6021000147,0.6376000047,0.6416000128,0.6294000149,0.513800025,0.6028000116,0.573300004,0.6183000207,0.6284999847,0.5386000276,0.6262999773,0.600399971,0.5289000273,0.5318999887,0.6236000061,0.5799999833,0.6251000165999999,0.5047000051,0.6510999799,0.5224999785,0.6108000278,0.5275999903999999,0.6378999949,0.632799983,0.5224999785,0.5935000181,0.6291000247,0.5917999744,0.52700001,0.6269000173,0.5242999792,0.611199975,0.6051999927,0.61650002,0.6237000227,0.6194999814,0.5376999974000001,0.546299994,0.5651000142,0.5667999982999999,0.5321000218,0.537899971,0.5590000153,0.5163000226,0.5170999765,0.6261000037,0.6074000001,0.6213999987,0.5267000197999999,0.5317999721,0.540899992,0.5403000116,0.4925000072,0.5351999998,0.6018000245,0.594900012,0.6000999807999999,0.5917999744,0.5227000117,0.1048000008,0.6359999775999999,0.6101999879,0.5879999995,0.6114000082,0.5975999832,0.578700006,0.6133999825,0.5896000266,0.537800014,0.6258999705,0.605799973,0.11110000310000001,11.052444444444443
37,40925.6,37.2,0.5888000131000001,0.6201999784000001,0.6237999797,0.6233999729,0.5953000188,0.5730000138,0.6122999787,0.5231999755,0.5616000295,0.5954999924000001,0.6074000001,0.6047000289,0.5906000136999999,0.5778999925,0.6324999928,0.6398000121,0.6115000248,0.5636000037,0.5227000117,0.6133000255,0.6051999927,0.6406000257,0.6323000193,0.591899991,0.5988000035000001,0.635800004,0.6399999857,0.6284999847,0.5128999949,0.6004999876,0.5727999806,0.6161000133,0.6262999773,0.5368999839,0.6237000227,0.5964999795,0.5286999941,0.5364000201,0.6207000017000001,0.5860999822999999,0.6233999729,0.5073999763,0.6498000025999999,0.5217999816,0.6090999842,0.5267999768,0.6366999745,0.6297000051,0.52700001,0.5953000188,0.627399981,0.5996000171,0.5263000131000001,0.6276999712,0.5315999985000001,0.6028000116,0.6037999988,0.6215999722,0.6213999987,0.61650002,0.5358999968,0.5451999903,0.5659999847,0.5684999824,0.5371000171,0.5371000171,0.5605000257,0.5152000189,0.5163000226,0.6237000227,0.6032999754,0.6197000146,0.5253000259,0.5242999792,0.5392000079,0.5399000049,0.49189999700000003,0.5299999714,0.5988000035000001,0.5928000212,0.5968999863000001,0.5899000168,0.5235000253000001,0.1048000008,0.6317999959,0.6072000264999999,0.5830000043,0.6015999913000001,0.5950999856,0.5755000114,0.6114000082,0.5870000124,0.5340999961,0.6247000098,0.6021999717000001,0.10999999939999999,11.368222222222224
38,42062.5,37.3,0.5853000282999999,0.6183000207,0.6220999956000001,0.621999979,0.5936999917,0.5695999861,0.6116999984,0.522300005,0.5582000017000001,0.5921000242,0.6046000122999999,0.6014000177000001,0.5885999799,0.5802000165,0.6302999854,0.6373999714999999,0.6098999977,0.5637000203,0.5266000032,0.611199975,0.603399992,0.6378999949,0.6302000284,0.5878999829,0.5981000066,0.6340000033,0.6391000152,0.6266000271,0.5127000213,0.5983999968,0.5727999806,0.6147999763,0.625,0.5357999802000001,0.6173999906000001,0.5928999782,0.5271000266,0.537800014,0.6183000207,0.5914000273,0.6215999722,0.5124999881,0.6492000222,0.521600008,0.6075999737,0.5267000197999999,0.6355999708,0.6274999976,0.5220999718,0.6000000238000001,0.6247000098,0.6065999865999999,0.5260000229,0.6241999865,0.5358999968,0.6021999717000001,0.6024000049,0.6248000264,0.6202999949,0.6152999996999999,0.5347999929999999,0.5440000296,0.5638999939,0.5699999928,0.530099988,0.5350000262,0.5619999766,0.5163999796000001,0.5159000158,0.6283000112,0.6025000215,0.6166999935999999,0.5235999822999999,0.5274999738,0.5382999778,0.5382999778,0.4930999875,0.5311999917,0.5974000096000001,0.5893999934,0.5940999985000001,0.5853000282999999,0.5235999822999999,0.1050999984,0.6292999982999999,0.6032000184,0.5799000263,0.5996000171,0.5927000046,0.57099998,0.6082000136,0.5813000202,0.5292999744,0.6204000115,0.6049000025,0.1112999991,11.684027777777779
39,43199.3,37.2,0.5832999945,0.6169000268,0.6205000281,0.6202999949,0.5917000175,0.5662000179,0.608799994,0.521600008,0.55400002,0.5886999964999999,0.6017000079,0.5981000066,0.586499989,0.5814999938000001,0.6286000013,0.6359000206000001,0.6065999865999999,0.5623999834000001,0.5274000168,0.6085000038,0.6013000011,0.6352999806,0.6286000013,0.5843999982,0.5946999788,0.6312000154999999,0.6370000243,0.6269000173,0.5123000145000001,0.5965999961,0.5717999935,0.6125000119,0.6231999993,0.5349000096000001,0.6180999875,0.5891000032,0.5263000131000001,0.5371999741,0.6158000231,0.5975999832,0.6202999949,0.5181000232999999,0.6449999809,0.5230000019,0.605700016,0.5254999995,0.6340000033,0.6248000264,0.5194000006,0.6042000055,0.622699976,0.6123999953,0.5238999724,0.6225000024,0.5371999741,0.6007999778,0.6011999846,0.6243000031,0.6169000268,0.6116999984,0.5335000157,0.5425999761,0.5623999834000001,0.5690000057,0.5303999782,0.5340999961,0.5623000264,0.513800025,0.5146999955,0.6238999963,0.5983999968,0.6136999726,0.5220000147999999,0.5231999755,0.5368000269,0.537800014,0.4902999997,0.529399991,0.594900012,0.5875999928,0.5921999812,0.5831000209,0.5232999921,0.1049000025,0.6236000061,0.5952000022,0.5753999949,0.602699995,0.5902000070000001,0.5683000088,0.6072999835,0.5788000226,0.5264000297,0.6205999851,0.6008999944,0.1108999997,11.999805555555556
40,44336.1,37.3,0.5824000239,0.6144999862,0.6183999777,0.6183999777,0.5898000002,0.5620999932,0.6065000296,0.5196999907000001,0.5497999787,0.5845000147999999,0.5971999764,0.5945000052,0.5845000147999999,0.5832999945,0.6263999939,0.6338000297999999,0.6043999791,0.5608000159000001,0.5267999768,0.6061999798,0.5990999937,0.6323999763,0.6255999804,0.5809000134000001,0.5922999978,0.6292999982999999,0.6345000267,0.6233999729,0.5112000108,0.5938000083,0.5701000093999999,0.6101999879,0.6215999722,0.5333999990999999,0.6151999831,0.5850999951,0.5257999897,0.5360999703,0.6133999825,0.6028000116,0.6179999709,0.5210999846,0.6452999711,0.5199000239,0.603399992,0.5253000259,0.6324999928,0.622699976,0.5184000134000001,0.6086000203999999,0.6205999851,0.6212000250999999,0.5225999951,0.6201999784000001,0.5368999839,0.5968000293,0.5985000134,0.6252999902,0.6144000292,0.6090000272,0.532400012,0.5458999872,0.5615000129,0.567900002,0.5297999978,0.5335000157,0.5619999766,0.5133000016,0.5149000287,0.6238999963,0.5964000225,0.6105999947,0.5213000178,0.522300005,0.5392000079,0.5381000042,0.4900999963,0.5303999782,0.5935000181,0.5846999884,0.5893999934,0.5809000134000001,0.5228999853,0.1050999984,0.6205999851,0.5917999744,0.5716999769,0.5913000107,0.5917999744,0.5640000104999999,0.6037999988,0.5744000077,0.5220000147999999,0.6187000275,0.5950999856,0.11060000210000001,12.315583333333333
41,45472.9,37.1,0.5802999735000001,0.6123999953,0.617299974,0.6173999906000001,0.5873000025999999,0.5588999987,0.6050000191,0.5198000073,0.5458999872,0.5819000006,0.5945000052,0.5916000009000001,0.5823000073,0.5860000253000001,0.6251999736,0.6319000125,0.6014000177000001,0.5598000288,0.5264999866,0.6039000154,0.5971999764,0.6298999786,0.6248999834000001,0.5773000121,0.5896000266,0.6266000271,0.6341999769,0.6218000054,0.5105999708,0.5928000212,0.5698000193,0.6082999706000001,0.6201999784000001,0.5335999727,0.6122999787,0.581700027,0.5242000222,0.5358999968,0.6114000082,0.6103000045,0.6164000034,0.5220000147999999,0.641200006,0.5198000073,0.6014999746999999,0.5253999829,0.6309000254,0.6212000250999999,0.5217000246,0.61650002,0.6197000146,0.6322000027,0.5228999853,0.6191999912,0.5371000171,0.5954999924000001,0.5965999961,0.6261000037,0.6126999854999999,0.6071000099,0.5317999721,0.5414999723,0.5609999895000001,0.5672000051,0.5263000131000001,0.5342000127000001,0.5637000203,0.5123000145000001,0.5155000090999999,0.6230999827,0.5953999758,0.6090000272,0.5235999822999999,0.5249999761999999,0.5396999717000001,0.5376999974000001,0.4893000126,0.5296999812,0.5902000070000001,0.5828999877000001,0.5888000131000001,0.5781999825999999,0.5231000185,0.1053000018,0.6197000146,0.5924999714,0.5687000154999999,0.5889999866,0.5856000185,0.5615000129,0.6036000252,0.5724999905,0.5195000171999999,0.617200017,0.5922999978,0.1158000007,12.631361111111113
42,46609.7,37.0,0.5770000219,0.6096000075,0.6130999923,0.6146000028,0.5853999853,0.5550000072,0.6022999883,0.5195999742,0.5417000055,0.5778999925,0.5909000039,0.5881999731,0.5800999999,0.5867999792,0.6233999729,0.6305000186,0.5989000201,0.5583000183,0.5254999995,0.6017000079,0.5950000286,0.6266999840999999,0.6208000183,0.5737000108,0.5878000259,0.6251999736,0.632799983,0.6202999949,0.5099999905,0.5900999903999999,0.5684000254,0.6065999865999999,0.6183999777,0.532400012,0.6108999848,0.5777999759,0.5235000253000001,0.5346999764,0.6090000272,0.6197000146,0.6151999831,0.5218999982,0.6434000134000001,0.5195000171999999,0.6008999944,0.5252000093,0.6291999817,0.618900001,0.5180000067,0.627300024,0.6176000237,0.638199985,0.5218999982,0.6179000139,0.5357000232,0.5931000113,0.5957000256,0.6238999963,0.6105999947,0.6039999723,0.5303000212,0.5406000018,0.5598999858,0.5663999915,0.5271000266,0.5340999961,0.5643000007,0.5130000114,0.5156000257,0.6175000072,0.5928999782,0.6067000031,0.5196999907000001,0.5206000209,0.5371999741,0.5368999839,0.4878999889,0.529399991,0.5886999964999999,0.5798000097,0.5856000185,0.5752000213,0.523999989,0.1052000001,0.6248000264,0.5906999707,0.5626999736,0.5896999836,0.5837000012,0.5573999882,0.6021000147,0.5703999996,0.5145000219,0.6146000028,0.5917999744,0.11110000310000001,12.947138888888887
43,47746.6,37.1,0.5769000053,0.6082999706000001,0.6108000278,0.6126999854999999,0.5835000277,0.5511000156,0.5996000171,0.5182999969,0.5383999944,0.5745999813,0.5878000259,0.5852000117,0.5778999925,0.5878000259,0.6212000250999999,0.6281999946,0.5964000225,0.5568000078,0.5243999958,0.5990999937,0.5928999782,0.6236000061,0.6182000041,0.5694000125,0.5850999951,0.622699976,0.630400002,0.6179000139,0.508400023,0.5881000161,0.5672000051,0.6040999889,0.617299974,0.5317999721,0.6112999915999999,0.5742999911,0.5213999748,0.5321999788,0.6055999994,0.630400002,0.6133000255,0.5205000043,0.6409000158,0.5184000134000001,0.5992000103,0.523999989,0.6272000074,0.6162999868,0.5159999728,0.63349998,0.6144999862,0.6371999979,0.5202999711,0.6157000065,0.5338000059,0.5906999707,0.5934000014999999,0.6230000257,0.6080999970000001,0.6014000177000001,0.5289000273,0.5386000276,0.5590000153,0.5662999749000001,0.5264000297,0.5321000218,0.565500021,0.5117999911,0.5134000182,0.6155999899,0.5896000266,0.603399992,0.5184000134000001,0.5191000104,0.5382000208,0.5365999937,0.4900000095000001,0.5289999843,0.5856000185,0.5769000053,0.5820999742,0.5720999836999999,0.5231999755,0.1053000018,0.6241000295,0.5846999884,0.5616999865,0.5827000140999999,0.5819000006,0.5537999868,0.6028000116,0.565599978,0.5109000206000001,0.6136000156,0.5866000056,0.11060000210000001,13.262944444444445
44,48883.4,37.1,0.5748000145000001,0.6069999933,0.6110000014,0.6115999818,0.5809999704,0.5483000278,0.59799999,0.5173000097,0.5339000225,0.5713000297999999,0.5845999718,0.581700027,0.575600028,0.5893999934,0.6200000048,0.6269000173,0.5932999849,0.5557000041,0.5235999822999999,0.5964999795,0.5906000136999999,0.6207000017000001,0.6169999838,0.5649999976,0.5819000006,0.6190999746,0.6297000051,0.6166999935999999,0.507700026,0.586499989,0.5662000179,0.6017000079,0.6154999733,0.5315999985000001,0.6067000031,0.5698999763,0.5209000111,0.5336999893,0.6043999791,0.6391999722,0.6121000051,0.5212000012,0.6407999992,0.5199999809,0.5978999734,0.5248000025999999,0.6256999969,0.6148999929,0.516200006,0.6355999708,0.6147000194,0.6385999918,0.5213999748,0.614199996,0.5343999863000001,0.5893999934,0.5921999812,0.6225000024,0.6121000051,0.5982000232,0.5289000273,0.5396000147,0.5587999821,0.564800024,0.5259000063,0.5321000218,0.5802999735000001,0.5117999911,0.5134999752,0.6146000028,0.5866000056,0.6008999944,0.5203999877000001,0.5199999809,0.5368999839,0.5356000066,0.4902000129,0.530099988,0.5834000111,0.5746999979,0.5791000128,0.5694000125,0.5231999755,0.1054999977,0.6316999793,0.5835000277,0.5590999722,0.5845000147999999,0.5762000084000001,0.5504999757,0.5978999734,0.5616999865,0.5070999861,0.6122000217,0.5846999884,0.1112999991,13.578722222222224
45,50020.2,37.2,0.5726000071,0.6046000122999999,0.6072999835,0.6090000272,0.5781999825999999,0.5436000228,0.5953999758,0.5159999728,0.5299999714,0.5674999952,0.5807999969,0.578700006,0.5734000206000001,0.5906999707,0.617200017,0.625,0.5904999971,0.5548999906000001,0.5232999921,0.5939000249,0.5885000229,0.6179000139,0.6140999793999999,0.5611000061,0.5798000097,0.6171000004,0.6286000013,0.6152999996999999,0.5080999732,0.5843999982,0.5658000112,0.6000000238000001,0.6143000126,0.5309000014999999,0.6025999784,0.5661000013,0.5199000239,0.5339000225,0.6021000147,0.6402000189,0.6105999947,0.5213999748,0.6366000175,0.5184000134000001,0.5964000225,0.524699986,0.6244000196,0.6123999953,0.5170000196,0.6348999739,0.6132000089,0.6370000243,0.5195999742,0.6150000095,0.5339999795,0.5904999971,0.5902000070000001,0.621999979,0.6054999828000001,0.5961999893,0.5289000273,0.538500011,0.5573999882,0.5641999840999999,0.5242000222,0.5321999788,0.5688999891,0.5112000108,0.5146999955,0.618900001,0.5853000282999999,0.5985999703,0.5202000140999999,0.5195000171999999,0.5365999937,0.5356000066,0.49259999390000003,0.5296999812,0.5825999975,0.5724999905,0.5770000219,0.5662000179,0.523999989,0.1057000011,0.6164000034,0.575699985,0.5580000281,0.5745999813,0.574000001,0.5472999811,0.5975000262,0.5587999821,0.5034000278,0.6107000113000001,0.5809000134000001,0.1106999964,13.8945
46,51157.0,37.1,0.570299983,0.6015999913000001,0.6047000289,0.6065999865999999,0.575600028,0.5389999746999999,0.5927000046,0.5137000084000001,0.5250999928,0.5623000264,0.5766000152,0.5744000077,0.57099998,0.5910000205,0.6148999929,0.6225000024,0.5881000161,0.5527999996999999,0.5221999884,0.5914999843,0.5855000019,0.6146000028,0.6108000278,0.5573999882,0.5773000121,0.614199996,0.6270999908,0.6129000187,0.5070000291,0.5812000036,0.5641000271,0.5978999734,0.6125000119,0.5296000242,0.6028000116,0.5619000196,0.5180000067,0.5325999856,0.5992000103,0.6394000053,0.6086999774,0.5206000209,0.636500001,0.5169000029999999,0.5943999887,0.5242999792,0.622699976,0.6101999879,0.5163999796000001,0.6349999905,0.611100018,0.635800004,0.5194000006,0.611100018,0.5328999758,0.5850999951,0.5885000229,0.6205999851,0.6022999883,0.5942999721,0.5274000168,0.5414000154,0.5559999943,0.5633999705,0.5236999989,0.530099988,0.5778999925,0.5105999708,0.513199985,0.61650002,0.5831000209,0.5954999924000001,0.5187000036,0.5194000006,0.5360000134,0.5342000127000001,0.4943000078,0.5278999805,0.5794000029999999,0.5697000027,0.5748999714999999,0.5622000098,0.5235999822999999,0.1052000001,0.6133999825,0.5723999739,0.5512999892,0.5701000093999999,0.5701000093999999,0.543299973,0.5939999819,0.5544999838,0.49889999630000004,0.6067000031,0.5820999742,0.1114000008,14.210277777777776
47,52293.8,37.2,0.567900002,0.5999000072,0.6036000252,0.6047999859000001,0.5728999972,0.5346000195,0.5900999903999999,0.5126000047,0.5205000043,0.5587000250999999,0.5727999806,0.5705999732,0.567900002,0.591899991,0.6125000119,0.6205000281,0.5846999884,0.5514000058,0.521600008,0.5885999799,0.5827999711,0.6108999848,0.6082999706000001,0.5522999763,0.5741999745,0.6100999713,0.6237000227,0.6104999781,0.5066999793,0.5784000158,0.5626000165999999,0.5946000218,0.6097000241,0.5282999872999999,0.5986999868999999,0.5576000214,0.5173000097,0.5314000249,0.5957999825,0.6370000243,0.605700016,0.5191000104,0.6340000033,0.5166000128,0.5924000144,0.5231999755,0.6211000085,0.6068999767000001,0.5142999886999999,0.632700026,0.6086000203999999,0.635800004,0.5177999735000001,0.608799994,0.5318999887,0.5813000202,0.5856999755,0.6177999973,0.5996999741,0.5907999872999999,0.5253000259,0.5363000035000001,0.5554999709,0.5634999871,0.5217999816,0.5291000009000001,0.5698999763,0.5088000297999999,0.5099999905,0.6132000089,0.5789999962,0.5920000075999999,0.5156000257,0.5163000226,0.5364000201,0.5329999924000001,0.49390000100000003,0.5271999836,0.5758000016,0.565599978,0.5705999732,0.5588999987,0.5231999755,0.1045999974,0.611899972,0.570200026,0.5483000278,0.565599978,0.5661000013,0.5388000011,0.5957000256,0.5487999915999999,0.4934000075,0.6043999791,0.5784000158,0.1119000018,14.526055555555557
48,53430.7,37.2,0.5652999878,0.5967000127000001,0.5996000171,0.6015999913000001,0.5703999996,0.5309000014999999,0.5873000025999999,0.5109999775999999,0.5156999825999999,0.554799974,0.5695000291,0.5674999952,0.565500021,0.5934000014999999,0.6105999947,0.6176999807,0.581799984,0.5496000051,0.5206999779,0.5859000086999999,0.5803999901,0.6082000136,0.6055999994,0.548600018,0.5720000267,0.6090000272,0.6222000122,0.6092000008,0.5072000027,0.5764999986,0.5620999932,0.5921000242,0.608799994,0.5285000205,0.5974000096000001,0.5536999702000001,0.5171999931,0.5311999917,0.5938000083,0.636500001,0.6043000221,0.5199999809,0.6338000297999999,0.5167999864,0.5913000107,0.5235999822999999,0.6198999882,0.6051999927,0.5134000182,0.6326000093999999,0.6072999835,0.6335999966,0.5171999931,0.6079999804,0.5322999954,0.5806999803,0.584800005,0.6187000275,0.601000011,0.5885000229,0.5242999792,0.5379999876,0.5558999777,0.5654000043999999,0.522300005,0.5320000052,0.5928000212,0.5095000267,0.5103999972,0.6082000136,0.5745000243,0.5903999805,0.5156000257,0.5160999894,0.5360000134,0.5332000256,0.49950000640000003,0.5285999775,0.5744000077,0.5643000007,0.5695999861,0.5565000176,0.524600029,0.10540000349999999,0.6083999872,0.5640000104999999,0.543299973,0.5627999902,0.5641999840999999,0.5356000066,0.5927000046,0.5461999774,0.4916999936,0.6039999723,0.5677000284,0.11230000109999999,14.841861111111115
49,54567.5,37.1,0.5622000098,0.5932000279,0.5985999703,0.6000999807999999,0.5677000284,0.5267000197999999,0.5842999816,0.5092999935,0.510800004,0.5508999825,0.5647000074,0.5637000203,0.5630999804,0.6025999784,0.6093000174000001,0.61650002,0.5788999796000001,0.5490000248,0.5206999779,0.5832999945,0.5784000158,0.6054000258,0.6032999754,0.5449000001,0.5695000291,0.6061000228,0.6213999987,0.6072999835,0.5062999725,0.5745999813,0.5613999963,0.5900999903999999,0.6072999835,0.5281000136999999,0.592599988,0.5490999818,0.5163000226,0.5313000083,0.5917999744,0.6352000237,0.6029999852000001,0.5191000104,0.6306999922,0.5163999796000001,0.58950001,0.5228000282999999,0.6187000275,0.6028000116,0.5127000213,0.6312000154999999,0.6050000191,0.6316000223,0.5184999704,0.605700016,0.5317999721,0.5774000287,0.5835999846,0.6158000231,0.5965999961,0.5853000282999999,0.5212000012,0.5376999974000001,0.554099977,0.5626000165999999,0.5217999816,0.5295000075999999,0.5852000117,0.5072000027,0.511500001,0.6068000197,0.5745999813,0.5874999761999999,0.5134999752,0.5148000121,0.5360999703,0.5321999788,0.5012000203,0.5278000236,0.5726000071,0.5604000092,0.5661000013,0.5522000194,0.5242999792,0.1050999984,0.6035000086,0.5605000257,0.5406000018,0.5590999722,0.559499979,0.5314999819,0.5885000229,0.5433999896,0.4864000082,0.5999000072,0.5724999905,0.11110000310000001,15.157638888888886
50,55704.3,36.9,0.559499979,0.5911999941,0.5950000286,0.5968000293,0.5644999743,0.5214999914,0.5813999772,0.5073999763,0.5062000154999999,0.5461000203999999,0.5605000257,0.559499979,0.560100019,0.6075999737,0.6047000289,0.6139000058,0.5748999714999999,0.5467000008,0.5194000006,0.5795000196,0.5749999881,0.600399971,0.6007999778,0.5404000282,0.5666000247,0.6035000086,0.6187999845000001,0.6046000122999999,0.5049999952,0.5710999966,0.5597000122,0.5867999792,0.6050999761,0.5278000236,0.592599988,0.5450000167,0.5139999986,0.5296000242,0.5878000259,0.6337000132,0.6007999778,0.5180000067,0.6262999773,0.5156000257,0.5878000259,0.5221999884,0.6171000004,0.5997999907,0.5103999972,0.6295999885,0.6022999883,0.6287000179,0.5170999765,0.6029999852000001,0.5296999812,0.5746999979,0.5800999999,0.6133999825,0.5942000151,0.5820999742,0.5196999907000001,0.5357999802000001,0.5551999807,0.560100019,0.5220000147999999,0.5292000175,0.5878999829,0.5062000154999999,0.5091999769,0.6078000069,0.5706999897999999,0.5838999748,0.5119000077,0.5126000047,0.5351999998,0.5306000113,0.5026000142,0.5271000266,0.5683000088,0.5576999784000001,0.5631999969,0.5483000278,0.5236999989,0.1052000001,0.6014999746999999,0.5598000288,0.5320000052,0.5558000207,0.5568000078,0.5273000002,0.587100029,0.537800014,0.4819999933,0.5989999771,0.5695999861,0.11180000009999999,15.473416666666667
51,56841.1,37.0,0.5569999814,0.5884000063,0.5953000188,0.594900012,0.5619000196,0.5169000029999999,0.5778999925,0.5059000254,0.5002999902,0.540899992,0.5561000109,0.5546000004,0.5568000078,0.6096000075,0.602699995,0.6116999984,0.5716999769,0.5454999804,0.5189999938000001,0.5769000053,0.5720999836999999,0.5974000096000001,0.5970000029,0.5350000262,0.5629000068,0.600399971,0.6171000004,0.6050000191,0.5034999847,0.5683000088,0.5586000085,0.5837000012,0.6028000116,0.5259000063,0.5878999829,0.5400999784,0.5119000077,0.5311999917,0.5859000086999999,0.6331999897999999,0.5988000035000001,0.5182999969,0.6265000104999999,0.5137000084000001,0.5856000185,0.5214999914,0.6152999996999999,0.5975999832,0.508400023,0.6291000247,0.6029000282,0.6294999719,0.5170999765,0.6017000079,0.5314000249,0.5734999775999999,0.578700006,0.6129000187,0.5972999929999999,0.5789999962,0.5177000165,0.5360000134,0.5543000102000001,0.5590999722,0.5220999718,0.5314999819,0.591899991,0.5055000186,0.5098999739,0.6042000055,0.5677999854,0.5816000104,0.5097000003000001,0.510800004,0.5375999807999999,0.5299999714,0.5048000215999999,0.5292999744,0.5669000149,0.5550000072,0.5605999827,0.5460000038,0.523999989,0.10540000349999999,0.6230999827,0.5525000095,0.5278000236,0.5515000224000001,0.554099977,0.5249000192000001,0.5878999829,0.5346000195,0.4781000018,0.5963000059,0.5701000093999999,0.1128000021,15.789194444444444
52,57978.0,37.2,0.5544999838,0.584100008,0.5914000273,0.5921000242,0.5587000250999999,0.5123999714999999,0.5751000047,0.5048000215999999,0.49549999829999997,0.5367000103,0.5519999862,0.550999999,0.5541999935999999,0.6108999848,0.5992000103,0.6083999872,0.5681999922,0.5436000228,0.5184000134000001,0.5731999874,0.5694000125,0.5932000279,0.5936999917,0.5306000113,0.5611000061,0.5976999998,0.6148999929,0.6000000238000001,0.5024999976,0.5659000278,0.5576999784000001,0.5814999938000001,0.6014999746999999,0.5250999928,0.5874000192000001,0.5358999968,0.5097000003000001,0.5310999751,0.5828999877000001,0.6322000027,0.5960999727,0.5178999901,0.6255999804,0.5123999714999999,0.584100008,0.521600008,0.6136000156,0.5939999819,0.5070000291,0.6276000142,0.5990999937,0.627399981,0.5166000128,0.6008999944,0.5297999978,0.5690000057,0.5770000219,0.611899972,0.5874000192000001,0.5758000016,0.5166000128,0.537800014,0.554099977,0.5591999888,0.5212000012,0.5274999738,0.5924000144,0.5049999952,0.5088000297999999,0.5976999998,0.5644999743,0.5777000189,0.5081999897999999,0.5095000267,0.5400000215,0.5292000175,0.5062999725,0.5275999903999999,0.5623000264,0.550999999,0.5569999814,0.5410000086,0.5238999724,0.1054999977,0.6107000113000001,0.5490999818,0.5267000197999999,0.549399972,0.5498999953,0.5212000012,0.5824999809,0.5306000113,0.4736000001,0.5910999775,0.5598999858,0.1121999994,16.105
